Timestamp,CurrentPrice,Long_M1_Raw,Long_M1_Calib,Short_M1_Raw,Short_M1_Calib,Long_M2_Raw,Long_M2_Calib,Short_M2_Raw,Short_M2_Calib,Delta,Signal
2026-06-11 12:21:00,4072.27099609375,0.3992,0.0,0.9503,0.0,0.0,0.0,0.9508,0.0,0.9508,SHORT
2026-06-11 12:24:00,4067.320068359375,0.4211,0.0,0.9969,0.0,0.0,0.0,0.9996,0.0,0.9996,SHORT
2026-06-11 12:27:00,4071.006103515625,0.8501,0.0,0.6676,0.0,0.7074,0.0,0.5428,0.0,0.1646,NONE
2026-06-11 12:30:00,4069.239990234375,0.2418,0.0,0.9976,0.0,0.0,0.0,0.9994,0.0,0.9994,SHORT
2026-06-11 12:33:00,4058.470947265625,0.2976,0.0,0.9946,0.0,0.0,0.0,0.9993,0.0,0.9993,SHORT
2026-06-11 12:36:00,4059.654052734375,0.7879,0.0,0.6841,0.0,0.6565,0.0,0.4106,0.0,0.2459,NONE
2026-06-11 12:39:00,4064.4189453125,0.8839,0.0,0.461,0.0,0.7336,0.0,0.0,0.0,0.7336,LONG
2026-06-11 12:42:00,4068.77294921875,0.8503,0.0,0.3968,0.0,0.8005,0.0,0.0,0.0,0.8005,LONG
2026-06-11 12:45:00,4073.4580078125,0.9723,0.0,0.9473,0.0,0.9814,0.0,0.9421,0.0,0.0394,NONE
2026-06-11 12:48:00,4080.007080078125,0.9902,0.0,0.1037,0.0,0.9973,0.0,0.0,0.0,0.9973,LONG
2026-06-11 12:51:00,4075.10302734375,0.3378,0.0,0.7657,0.0,0.0,0.0,0.61,0.0,0.61,NONE
2026-06-11 12:54:00,4079.756103515625,0.8152,0.0,0.3603,0.0,0.6898,0.0,0.0,0.0,0.6898,NONE
2026-06-11 12:57:00,4078.660888671875,0.4378,0.0,0.5767,0.0,0.0,0.0,0.3606,0.0,0.3606,NONE
2026-06-11 13:00:00,4082.117919921875,0.9973,0.0,0.065,0.0,0.9993,0.0,0.0,0.0,0.9993,LONG
2026-06-11 13:03:00,4084.666015625,0.7315,0.0,0.4724,0.0,0.4366,0.0,0.0,0.0,0.4366,NONE
2026-06-11 13:06:00,4080.074951171875,0.3353,0.0,0.7393,0.0,0.0,0.0,0.5151,0.0,0.5151,NONE
2026-06-11 13:09:00,4081.72998046875,0.6365,0.0,0.4439,0.0,0.3956,0.0,0.0,0.0,0.3956,NONE
2026-06-11 13:12:00,4080.69189453125,0.2729,0.0,0.7903,0.0,0.0,0.0,0.5889,0.0,0.5889,NONE
2026-06-11 13:15:00,4073.431884765625,0.0978,0.0,0.996,0.0,0.0,0.0,0.9995,0.0,0.9995,SHORT
2026-06-11 13:18:00,4075.181884765625,0.5553,0.0,0.4922,0.0,0.3157,0.0,0.0,0.0,0.3157,NONE
2026-06-11 13:21:00,4074.98193359375,0.4799,0.0,0.5863,0.0,0.0,0.0,0.3514,0.0,0.3514,NONE
2026-06-11 13:24:00,4077.322998046875,0.6183,0.0,0.4822,0.0,0.4146,0.0,0.0,0.0,0.4146,NONE
2026-06-11 13:27:00,4075.23291015625,0.4112,0.0,0.6952,0.0,0.0,0.0,0.4529,0.0,0.4529,NONE
2026-06-11 13:30:00,4075.54296875,0.8565,0.0,0.3515,0.0,0.7621,0.0,0.0,0.0,0.7621,LONG
2026-06-11 13:33:00,4076.4140625,0.6888,0.0,0.5575,0.0,0.5155,0.0,0.2614,0.0,0.2541,NONE
2026-06-11 13:36:00,4076.031982421875,0.3664,0.0,0.8386,0.0,0.0,0.0,0.6075,0.0,0.6075,NONE
2026-06-11 13:39:00,4071.35888671875,0.4652,0.0,0.9243,0.0,0.0,0.0,0.8954,0.0,0.8954,SHORT
2026-06-11 13:42:00,4070.58203125,0.5802,0.0,0.7448,0.0,0.3348,0.0,0.4611,0.0,0.1263,NONE
2026-06-11 13:45:00,4076.4970703125,0.8423,0.0,0.8379,0.0,0.736,0.0,0.6116,0.0,0.1244,NONE
2026-06-11 13:48:00,4091.5048828125,0.9975,0.0,0.2615,0.0,0.9993,0.0,0.0,0.0,0.9993,LONG
2026-06-11 13:51:00,4088.508056640625,0.5308,0.0,0.6902,0.0,0.4425,0.0,0.5594,0.0,0.1169,NONE
2026-06-11 13:54:00,4090.527099609375,0.6235,0.0,0.4405,0.0,0.5159,0.0,0.0,0.0,0.5159,NONE
2026-06-11 13:57:00,4087.194091796875,0.3914,0.0,0.6705,0.0,0.0,0.0,0.4807,0.0,0.4807,NONE
2026-06-11 14:00:00,4083.389892578125,0.9913,0.0,0.4749,0.0,0.9965,0.0,0.0,0.0,0.9965,LONG
2026-06-11 14:03:00,4078.85888671875,0.3555,0.0,0.7911,0.0,0.0,0.0,0.5741,0.0,0.5741,NONE
2026-06-11 14:06:00,4073.56494140625,0.3638,0.0,0.8275,0.0,0.0,0.0,0.5842,0.0,0.5842,NONE
2026-06-11 14:09:00,4070.867919921875,0.4056,0.0,0.7653,0.0,0.0,0.0,0.603,0.0,0.603,NONE
2026-06-11 14:12:00,4057.98291015625,0.2154,0.0,0.998,0.0,0.0,0.0,0.9993,0.0,0.9993,SHORT
2026-06-11 14:15:00,4060.866943359375,0.0663,0.0,0.9987,0.0,0.0,0.0,0.9994,0.0,0.9994,SHORT
2026-06-11 14:18:00,4061.48193359375,0.5719,0.0,0.5963,0.0,0.3398,0.0,0.4663,0.0,0.1266,NONE
2026-06-11 14:21:00,4067.803955078125,0.8391,0.0,0.3602,0.0,0.7276,0.0,0.0,0.0,0.7276,LONG
2026-06-11 14:24:00,4079.803955078125,0.9956,0.0,0.0781,0.0,0.9993,0.0,0.0,0.0,0.9993,LONG
2026-06-11 14:27:00,4079.260009765625,0.3855,0.0,0.571,0.0,0.0,0.0,0.3787,0.0,0.3787,NONE
2026-06-11 14:30:00,4074.97998046875,0.998,0.0,0.1713,0.0,0.9993,0.0,0.0,0.0,0.9993,LONG
2026-06-11 14:33:00,4074.097900390625,0.4118,0.0,0.5444,0.0,0.0,0.0,0.3295,0.0,0.3295,NONE
2026-06-11 14:36:00,4075.8740234375,0.6006,0.0,0.3934,0.0,0.4044,0.0,0.0,0.0,0.4044,NONE
2026-06-11 14:39:00,4079.300048828125,0.6951,0.0,0.3871,0.0,0.4435,0.0,0.0,0.0,0.4435,NONE
2026-06-11 14:42:00,4081.68603515625,0.6802,0.0,0.4221,0.0,0.4276,0.0,0.0,0.0,0.4276,NONE
2026-06-11 14:45:00,4076.47607421875,0.6453,0.0,0.2052,0.0,0.3757,0.0,0.0,0.0,0.3757,NONE
2026-06-11 14:48:00,4075.2900390625,0.273,0.0,0.6177,0.0,0.0,0.0,0.4004,0.0,0.4004,NONE
2026-06-11 14:51:00,4077.2470703125,0.5983,0.0,0.4108,0.0,0.3421,0.0,0.0,0.0,0.3421,NONE
2026-06-11 14:54:00,4077.614990234375,0.5863,0.0,0.4767,0.0,0.3085,0.0,0.0,0.0,0.3085,NONE
2026-06-11 14:57:00,4075.361083984375,0.449,0.0,0.6404,0.0,0.0,0.0,0.4205,0.0,0.4205,NONE
2026-06-11 15:00:00,4073.72705078125,0.1863,0.0,0.7391,0.0,0.0,0.0,0.4594,0.0,0.4594,NONE
2026-06-11 15:03:00,4073.178955078125,0.5383,0.0,0.5823,0.0,0.2599,0.0,0.2975,0.0,0.0376,NONE
2026-06-11 15:06:00,4072.972900390625,0.5218,0.0,0.5752,0.0,0.3275,0.0,0.3886,0.0,0.0611,NONE
2026-06-11 15:09:00,4081.781005859375,0.9921,0.0,0.2129,0.0,0.9976,0.0,0.0,0.0,0.9976,LONG
2026-06-11 15:12:00,4082.833984375,0.9372,0.0,0.2862,0.0,0.9646,0.0,0.0,0.0,0.9646,LONG
2026-06-11 15:15:00,4080.613037109375,0.9871,0.0,0.1756,0.0,0.9954,0.0,0.0,0.0,0.9954,LONG
2026-06-11 15:18:00,4082.867919921875,0.6352,0.0,0.3304,0.0,0.555,0.0,0.0,0.0,0.555,NONE
2026-06-11 15:21:00,4087.762939453125,0.8618,0.0,0.288,0.0,0.7949,0.0,0.0,0.0,0.7949,LONG
2026-06-11 15:24:00,4078.5869140625,0.2464,0.0,0.9471,0.0,0.0,0.0,0.9004,0.0,0.9004,SHORT
2026-06-11 15:27:00,4081.672119140625,0.6631,0.0,0.3659,0.0,0.4515,0.0,0.0,0.0,0.4515,NONE
2026-06-11 15:30:00,4081.64990234375,0.5005,0.0,0.3287,0.0,0.2345,0.0,0.0,0.0,0.2345,NONE
2026-06-11 15:33:00,4080.674072265625,0.5203,0.0,0.5501,0.0,0.2706,0.0,0.3626,0.0,0.092,NONE
2026-06-11 15:36:00,4079.9580078125,0.3319,0.0,0.5678,0.0,0.0,0.0,0.3696,0.0,0.3696,NONE
2026-06-11 15:39:00,4086.06103515625,0.9208,0.0,0.1948,0.0,0.8156,0.0,0.0,0.0,0.8156,LONG
2026-06-11 15:42:00,4087.77001953125,0.657,0.0,0.3261,0.0,0.3427,0.0,0.0,0.0,0.3427,NONE
2026-06-11 15:45:00,4088.1640625,0.9706,0.0,0.0626,0.0,0.9839,0.0,0.0,0.0,0.9839,LONG
2026-06-11 15:48:00,4089.73095703125,0.612,0.0,0.3525,0.0,0.3434,0.0,0.0,0.0,0.3434,NONE
2026-06-11 15:51:00,4089.31494140625,0.4462,0.0,0.4644,0.0,0.0,0.0,0.0,0.0,0.0,NONE
2026-06-11 15:54:00,4091.56103515625,0.6493,0.0,0.3358,0.0,0.3145,0.0,0.0,0.0,0.3145,NONE
2026-06-11 15:57:00,4087.447998046875,0.3601,0.0,0.7376,0.0,0.0,0.0,0.4741,0.0,0.4741,NONE
2026-06-11 16:00:00,4088.791015625,0.311,0.0,0.3942,0.0,0.0,0.0,0.0,0.0,0.0,NONE
2026-06-11 16:03:00,4092.7529296875,0.7992,0.0,0.2721,0.0,0.4947,0.0,0.0,0.0,0.4947,NONE
2026-06-11 16:06:00,4088.884033203125,0.3182,0.0,0.728,0.0,0.0,0.0,0.4428,0.0,0.4428,NONE
2026-06-11 16:09:00,4093.533935546875,0.8088,0.0,0.256,0.0,0.5716,0.0,0.0,0.0,0.5716,NONE
2026-06-11 16:12:00,4099.22314453125,0.9424,0.0,0.2046,0.0,0.9311,0.0,0.0,0.0,0.9311,LONG
2026-06-11 16:15:00,4102.578125,0.9985,0.0,0.0211,0.0,0.9996,0.0,0.0,0.0,0.9996,LONG
2026-06-11 16:18:00,4099.19091796875,0.3215,0.0,0.7854,0.0,0.0,0.0,0.5173,0.0,0.5173,NONE
2026-06-11 16:21:00,4095.998046875,0.2544,0.0,0.6695,0.0,0.0,0.0,0.4304,0.0,0.4304,NONE
2026-06-11 16:24:00,4092.118896484375,0.0686,0.0,0.9948,0.0,0.0,0.0,0.999,0.0,0.999,SHORT
2026-06-11 16:27:00,4083.884033203125,0.1958,0.0,0.9759,0.0,0.0,0.0,0.986,0.0,0.986,SHORT
2026-06-11 16:30:00,4079.867919921875,0.0293,0.0,0.9992,0.0,0.0,0.0,0.9993,0.0,0.9993,SHORT
2026-06-11 16:33:00,4083.011962890625,0.6645,0.0,0.3793,0.0,0.4024,0.0,0.0,0.0,0.4024,NONE
2026-06-11 16:36:00,4084.8359375,0.5996,0.0,0.475,0.0,0.3984,0.0,0.0,0.0,0.3984,NONE
